"macro"	"model"	"class"	"faction"	"price"	"weapons"	"turrets"	"shields"	"hull"	"mass"	"cargo"	"engines"	"drag_fwd"	"drag_rev"	"drag_pitch"	"drag_yaw"	"drag_roll"	"crew"	"docks"	"hangars"	"dlc"	"role"
"ship_tel_xl_builder_01_b_macro"	"Albatross Sentinel"	"xl"	"arg"	10948470	0	8	2	138000	1180.964	50	2	316.193	1264.772	936.193	936.193	936.193	182	2	50	0	"builder"
"ship_tel_xl_builder_01_a_macro"	"Albatross Vanguard"	"xl"	"arg"	9123765	0	8	2	115000	984.137	50	2	276.827	1107.31	896.827	896.827	896.827	219	2	50	0	"builder"
"ship_spl_m_miner_liquid_01_a_macro"	"Alligator (Gas)"	"m"	"split"	212670	0	2	1	4300	33.07	7600	2	4.042	23.096	10.767	10.767	10.767	8	0	0	1	"miner"
"ship_spl_m_miner_solid_01_a_macro"	"Alligator (Mineral)"	"m"	"split"	236300	2	2	1	4800	36.617	7000	2	4.375	24.998	11.654	11.654	11.654	8	0	0	1	"miner"
"ship_par_s_heavyfighter_01_a_macro"	"Ares"	"s"	"paranid"	243540	4	0	3	4700	12.038	270	3	8.258	40.892	4.699	4.699	4.699	2	0	0	0	"military"
"ship_atf_xl_battleship_01_a_macro"	"Asgard"	"xl"	"terran"	26179920	3	22	4	275000	487.388	9000	1	133.108	532.433	717.73	717.73	717.73	360	4	40	2	"military"
"ship_spl_s_fighter_02_a_macro"	"Asp"	"s"	"split"	255275	3	0	1	4600	6.843	170	2	3.52	10.256	3.404	3.404	3.404	2	0	0	1	"military"
"ship_spl_s_fighter_02_b_macro"	"Asp Raider"	"s"	"split"	123940	3	0	1	1800	4.106	100	2	3.346	7.518	2.549	2.549	2.549	1	0	0	1	"military"
"ship_gen_m_yacht_01_a_macro"	"Astrid"	"m"	"argon"	2170000	2	6	1	4000	30.969	4300	1	3.155	8.833	10.242	10.242	10.242	16	0	0	3	""
"ship_par_xl_resupplier_02_a_macro"	"Atlas E"	"xl"	"par"	15457615	0	8	2	164000	1256.778	34040	3	310.646	1242.584	931.356	931.356	931.356	258	10	24	0	"resupplier"
"ship_par_xl_resupplier_01_b_macro"	"Atlas Sentinel"	"xl"	"par"	11568815	0	8	2	156000	1199.686	34800	3	299.941	1199.765	939.937	939.937	939.937	205	10	50	0	""
"ship_par_xl_resupplier_01_a_macro"	"Atlas Vanguard"	"xl"	"par"	9640505	0	8	2	130000	999.739	29000	3	262.451	1049.804	899.948	899.948	899.948	247	10	50	0	""
"ship_spl_s_heavyfighter_02_a_macro"	"Balaur"	"s"	"split"	271350	4	0	1	5500	6.473	180	3	4.784	22.946	3.288	3.288	3.288	1	0	0	1	"military"
"ship_ter_m_trans_container_01_a_macro"	"Baldric"	"m"	"terran"	734360	0	2	1	9000	72.561	10700	2	17.028	68.112	20.64	20.64	20.64	22	0	0	2	"trader"
"ship_pir_l_scavenger_01_a_macro"	"Barbarossa"	"l"	"argon"	7714025	0	14	1	114000	243.18	21000	4	86.42	345.68	115.636	115.636	115.636	126	1	2	3	"trader"
"ship_arg_l_destroyer_01_b_macro"	"Behemoth Sentinel"	"l"	"arg"	5641250	2	10	3	111000	235.22	2760	3	108.805	435.22	114.044	114.044	114.044	36	4	40	0	"military"
"ship_arg_l_destroyer_01_a_macro"	"Behemoth Vanguard"	"l"	"arg"	4713125	2	10	3	93000	196.016	2300	3	99.004	396.016	106.203	106.203	106.203	44	4	40	0	"military"
"ship_spl_m_trans_container_01_a_macro"	"Boa"	"m"	"split"	373740	0	2	1	7400	56.286	7500	2	8.887	35.546	16.572	16.572	16.572	20	0	0	1	"trader"
"ship_ter_m_miner_liquid_01_a_macro"	"Bolo (Gas)"	"m"	"terran"	388740	0	2	1	5000	37.781	10000	2	6.898	39.419	11.945	11.945	11.945	7	0	0	2	"miner"
"ship_ter_m_miner_solid_01_a_macro"	"Bolo (Mineral)"	"m"	"terran"	388740	1	2	1	5000	37.781	8800	2	6.898	39.419	11.945	11.945	11.945	7	0	0	2	"miner"
"ship_spl_l_trans_container_01_a_macro"	"Buffalo"	"l"	"split"	2938525	0	9	1	37000	286.597	16000	3	79.072	316.288	124.319	124.319	124.319	59	1	40	1	"trader"
"ship_tel_s_fighter_02_b_macro"	"Buzzard Sentinel"	"s"	"tel"	190320	3	0	2	5000	10.437	300	2	5.707	25.472	4.199	4.199	4.199	2	0	0	0	"military"
"ship_tel_s_fighter_02_a_macro"	"Buzzard Vanguard"	"s"	"tel"	157850	3	0	2	4100	8.698	300	2	5.312	22.601	3.656	3.656	3.656	3	0	0	0	"military"
"ship_arg_s_trans_container_02_b_macro"	"Callisto Sentinel"	"s"	"arg"	98455	2	0	1	2500	19.472	1030	2	5.604	24.722	7.023	7.023	7.023	2	0	0	0	"trader"
"ship_arg_s_trans_container_02_a_macro"	"Callisto Vanguard"	"s"	"arg"	80050	2	0	1	2100	16.227	1030	2	5.158	21.477	6.008	6.008	6.008	3	0	0	0	"trader"
"ship_arg_m_frigate_01_b_macro"	"Cerberus Sentinel"	"m"	"arg"	1145000	2	4	3	20000	41.318	2112	2	10.584	29.636	8.981	8.981	8.981	11	1	1	0	"military"
"ship_arg_m_frigate_01_a_macro"	"Cerberus Vanguard"	"m"	"arg"	963665	2	4	3	17000	34.432	1760	2	9.164	25.659	7.776	7.776	7.776	14	1	1	0	"military"
"ship_spl_s_heavyfighter_01_a_macro"	"Chimera"	"s"	"split"	338625	5	0	1	6100	9.056	200	4	6.34	35.14	4.096	4.096	4.096	2	0	0	1	"military"
"ship_par_l_miner_liquid_01_b_macro"	"Chthonios (Gas) Sentinel"	"l"	"par"	1395770	0	6	1	28000	217.132	38400	3	54.749	312.849	145.168	145.168	145.168	33	2	40	0	""
"ship_par_l_miner_liquid_01_a_macro"	"Chthonios (Gas) Vanguard"	"l"	"par"	1154890	0	6	1	23000	180.944	32000	3	49.999	285.708	132.14	132.14	132.14	40	2	40	0	""
"ship_par_l_miner_solid_01_b_macro"	"Chthonios (Mineral) Sentinel"	"l"	"par"	1395770	0	7	1	28000	217.132	38400	3	54.749	312.849	145.168	145.168	145.168	33	2	40	0	""
"ship_par_l_miner_solid_01_a_macro"	"Chthonios (Mineral) Vanguard"	"l"	"par"	1154890	0	7	1	23000	180.944	32000	3	49.999	285.708	132.14	132.14	132.14	40	2	40	0	""
"ship_par_l_miner_liquid_02_a_macro"	"Chthonios E (Gas)"	"l"	"par"	1591620	0	6	1	29000	219.541	35200	3	55.065	314.656	110.908	110.908	110.908	41	2	4	0	"miner"
"ship_par_l_miner_solid_02_a_macro"	"Chthonios E (Mineral)"	"l"	"par"	1591625	0	7	1	29000	219.541	34960	3	55.065	314.655	110.908	110.908	110.908	41	2	4	0	"miner"
"ship_spl_m_frigate_01_a_macro"	"Cobra"	"m"	"split"	2172540	3	4	2	32000	38.045	1290	3	8.588	24.046	11.351	11.351	11.351	25	1	1	1	"military"
"ship_arg_xl_carrier_01_b_macro"	"Colossus Sentinel"	"xl"	"arg"	12102675	0	17	3	259000	659.043	22800	2	211.809	847.234	831.809	831.809	831.809	102	12	50	0	"military"
"ship_arg_xl_carrier_01_a_macro"	"Colossus Vanguard"	"xl"	"arg"	10090050	0	17	3	216000	549.202	19000	2	189.84	759.362	809.84	809.84	809.84	123	12	50	0	"military"
"ship_tel_xl_carrier_01_b_macro"	"Condor Sentinel"	"xl"	"tel"	13409595	0	13	2	287000	730.078	33600	3	310.771	1243.086	846.016	846.016	846.016	112	9	50	0	"military"
"ship_tel_xl_carrier_01_a_macro"	"Condor Vanguard"	"xl"	"tel"	11170550	0	13	2	239000	608.398	28000	3	277.309	1109.238	821.68	821.68	821.68	135	9	50	0	"military"
"ship_tel_m_trans_container_03_a_macro"	"Cormorant Vanguard"	"m"	"tel"	418830	1	2	2	10000	65.536	7900	2	17.137	68.549	25.493	25.493	25.493	17	0	0	0	"trader"
"ship_arg_s_miner_solid_01_a_macro"	"Courier (Mineral)"	"s"	"arg"	83265	1	0	1	1200	9.532	2600	3	4.478	23.617	7.371	7.371	7.371	3	0	0	0	"miner"
"ship_arg_s_trans_container_01_b_macro"	"Courier Sentinel"	"s"	"arg"	185980	1	0	1	2600	20.588	1960	3	5.998	27.588	7.371	7.371	7.371	4	0	0	0	"trader"
"ship_arg_s_trans_container_01_a_macro"	"Courier Vanguard"	"s"	"arg"	155760	1	0	1	2200	17.157	1960	3	5.526	24.157	6.299	6.299	6.299	5	0	0	0	"trader"
"ship_tel_l_miner_liquid_01_b_macro"	"Crane (Gas) Sentinel"	"l"	"tel"	1804390	0	6	3	36000	282.023	52800	3	92.789	530.225	168.528	168.528	168.528	43	2	40	0	"miner"
"ship_tel_l_miner_liquid_01_a_macro"	"Crane (Gas) Vanguard"	"l"	"tel"	1503310	0	6	3	30000	235.019	44000	3	83.741	478.521	151.607	151.607	151.607	52	2	40	0	"miner"
"ship_tel_l_miner_solid_01_b_macro"	"Crane (Mineral) Sentinel"	"l"	"tel"	1804390	0	9	3	36000	282.023	57600	3	92.789	530.225	168.528	168.528	168.528	43	2	40	0	"miner"
"ship_tel_l_miner_solid_01_a_macro"	"Crane (Mineral) Vanguard"	"l"	"tel"	1503310	0	9	3	30000	235.019	48000	3	83.741	478.521	151.607	151.607	151.607	52	2	40	0	"miner"
"ship_gen_s_fightingdrone_explosive_01_a_macro"	"Defence Drone"	"s"	"gen"	0	1	0	1	1200	7.365	0	1	3.969	12.365	3.239	3.239	3.239	0	0	0	0	""
"ship_par_m_trans_container_01_b_macro"	"Demeter Sentinel"	"m"	"par"	229050	0	1	1	7000	53.77	9480	1	6.576	26.305	15.942	15.942	15.942	15	0	0	0	"trader"
"ship_par_m_trans_container_01_a_macro"	"Demeter Vanguard"	"m"	"par"	176650	0	1	1	5000	44.808	7900	1	5.652	22.608	13.702	13.702	13.702	19	0	0	0	"trader"
"ship_arg_s_scout_01_b_macro"	"Discoverer Sentinel"	"s"	"arg"	105930	2	0	1	1700	7.611	648	2	3.509	9.486	3.785	3.785	3.785	1	0	0	0	"military"
"ship_arg_s_scout_01_a_macro"	"Discoverer Vanguard"	"s"	"arg"	87605	2	0	1	1400	6.343	540	2	3.335	8.218	3.388	3.388	3.388	2	0	0	0	"military"
"ship_pir_l_miner_solid_01_a_macro"	"Donia"	"l"	"argon"	1564470	0	8	1	26000	168.244	34000	2	33.51	191.487	100.649	100.649	100.649	31	2	4	3	"miner"
"ship_spl_m_corvette_01_a_macro"	"Dragon"	"m"	"split"	1243415	6	2	1	17000	23.476	450	1	2.992	11.968	11.298	11.298	11.298	6	0	0	1	"military"
"ship_spl_m_corvette_01_b_macro"	"Dragon Raider"	"m"	"split"	739265	6	2	1	8000	17.607	340	1	2.467	9.87	9.317	9.317	9.317	5	0	0	1	""
"ship_arg_m_miner_solid_01_b_macro"	"Drill (Mineral) Sentinel"	"m"	"arg"	155915	1	2	1	5000	36.351	11760	1	4.461	25.493	20.017	20.017	20.017	7	0	0	0	"miner"
"ship_arg_m_miner_solid_01_a_macro"	"Drill (Mineral) Vanguard"	"m"	"arg"	131965	1	2	1	4000	32.438	9800	1	4.085	23.341	17.097	17.097	17.097	9	0	0	0	"miner"
"ship_arg_s_heavyfighter_02_a_macro"	"Eclipse Vanguard"	"s"	"arg"	169745	4	0	2	4000	8.406	320	2	4.97	20.108	3.564	3.564	3.564	3	0	0	0	"military"
"ship_spl_xl_builder_01_a_macro"	"Elephant"	"xl"	"split"	12022990	0	8	2	138000	1062.868	50	2	292.574	1170.294	912.574	912.574	912.574	182	2	50	1	"builder"
"ship_arg_s_fighter_02_b_macro"	"Elite Sentinel"	"s"	"arg"	92990	1	0	1	2200	4.526	180	1	2.382	9.526	2.821	2.821	2.821	1	0	0	0	"military"
"ship_arg_s_fighter_02_a_macro"	"Elite Vanguard"	"s"	"arg"	76755	1	0	1	1800	3.772	150	1	2.193	8.772	2.585	2.585	2.585	2	0	0	0	"military"
"ship_pir_xl_battleship_01_a_macro"	"Erlking"	"xl"	"argon"	14920415	1	22	1	5e+05	295.441	0	3	173.86	695.441	683.179	683.179	683.179	328	0	6	3	""
"ship_tel_s_fighter_01_b_macro"	"Falcon Sentinel"	"s"	"tel"	195705	2	0	2	4600	9.709	408	2	4.334	15.484	3.574	3.574	3.574	2	0	0	0	"military"
"ship_tel_s_fighter_01_a_macro"	"Falcon Vanguard"	"s"	"tel"	164360	2	0	2	3900	8.091	340	2	4.111	13.866	3.119	3.119	3.119	3	0	0	0	"military"
"ship_ter_m_frigate_01_a_macro"	"Falx"	"m"	"terran"	2813860	4	2	2	20000	42.29	1500	6	25.165	70.461	9.151	9.151	9.151	23	1	1	2	"military"
"ship_kha_s_fighter_02_a_macro"	"Forager"	"s"	"khaak"	0	1	0	1	600	2.5	0	1	1	17	1	2	2	0	0	0	0	"military"
"ship_ter_s_trans_container_01_a_macro"	"Frog"	"s"	"terran"	299630	0	0	1	1700	13.454	4120	1	4.643	16.954	5.142	5.142	5.142	3	0	0	2	"trader"
"ship_pir_xl_builder_01_macro"	"Gannascus"	"xl"	"arg"	11470775	0	8	2	115000	885.723	50	2	257.145	1028.579	877.145	877.145	877.145	219	2	50	3	"builder"
"ship_ter_s_heavyfighter_01_a_macro"	"Gladius"	"s"	"terran"	470800	4	0	2	4400	9.477	360	2	5.298	21.715	3.899	3.899	3.899	2	0	0	2	"military"
"ship_par_m_frigate_01_b_macro"	"Gorgon Sentinel"	"m"	"par"	1323040	2	4	3	23000	48.014	1956	3	11.965	33.503	10.152	10.152	10.152	13	1	1	0	"military"
"ship_par_m_frigate_01_a_macro"	"Gorgon Vanguard"	"m"	"par"	1098300	2	4	3	19000	40.012	1630	3	10.315	28.882	8.752	8.752	8.752	16	1	1	0	"military"
"ship_tel_s_scout_02_b_macro"	"Guillemot Sentinel"	"s"	"tel"	166530	1	0	1	2700	11.879	960	4	7.354	35.741	5.118	5.118	5.118	2	0	0	0	"military"
"ship_tel_s_scout_02_a_macro"	"Guillemot Vanguard"	"s"	"tel"	139525	1	0	1	2300	9.899	960	4	6.543	31.548	4.5	4.5	4.5	3	0	0	0	"military"
"ship_par_l_trans_container_03_a_macro"	"Helios E"	"l"	"par"	3470000	0	7	1	55000	420.618	25500	3	116.366	465.464	151.124	151.124	151.124	96	1	2	0	"trader"
"ship_par_l_trans_container_01_b_macro"	"Helios Sentinel"	"l"	"par"	2410810	0	7	1	45000	345.45	25200	3	102.272	409.087	136.09	136.09	136.09	59	1	40	0	""
"ship_par_l_trans_container_01_a_macro"	"Helios Vanguard"	"l"	"par"	1995760	0	7	1	37000	287.875	21000	3	91.477	365.906	124.575	124.575	124.575	71	1	40	0	""
"ship_par_xl_builder_01_b_macro"	"Heracles Sentinel"	"xl"	"arg"	10948470	0	8	2	138000	1062.868	50	2	292.574	1170.294	912.574	912.574	912.574	182	2	50	0	"builder"
"ship_par_xl_builder_01_a_macro"	"Heracles Vanguard"	"xl"	"arg"	9123765	0	8	2	115000	885.723	50	2	257.145	1028.579	877.145	877.145	877.145	219	2	50	0	"builder"
"ship_par_m_trans_container_02_b_macro"	"Hermes Sentinel"	"m"	"par"	229050	0	1	1	6000	48.393	8520	1	6.022	24.087	14.598	14.598	14.598	16	0	0	0	"trader"
"ship_par_m_trans_container_02_a_macro"	"Hermes Vanguard"	"m"	"par"	176650	0	1	1	5000	40.327	7100	1	5.19	20.76	12.582	12.582	12.582	20	0	0	0	"trader"
"ship_tel_l_trans_container_02_b_macro"	"Heron Sentinel"	"l"	"tel"	2908725	0	6	3	57000	441	37200	3	176.275	705.1	155.2	155.2	155.2	84	2	40	0	"trader"
"ship_tel_l_trans_container_02_a_macro"	"Heron Vanguard"	"l"	"tel"	2436610	0	6	3	48000	367.5	31000	3	156.062	624.25	140.5	140.5	140.5	101	2	40	0	"trader"
"ship_kha_m_fighter_02_a_macro"	"Hive Guard"	"m"	"khaak"	0	1	0	1	3000	12	0	1	2.5	30	7	6	6	0	0	0	0	"military"
"ship_ter_l_miner_liquid_01_a_macro"	"Hokkaido (Gas)"	"l"	"terran"	2854250	0	8	1	24000	105.855	38000	1	32.115	183.513	102.991	102.991	102.991	33	2	40	2	"miner"
"ship_ter_l_miner_solid_01_a_macro"	"Hokkaido (Mineral)"	"l"	"terran"	2854250	0	9	1	24000	105.855	38000	1	32.115	183.513	102.991	102.991	102.991	33	2	40	2	"miner"
"ship_ter_xl_resupplier_01_a_macro"	"Honshu"	"xl"	"terran"	26263870	0	14	1	157000	1199.838	43000	1	239.976	959.903	939.968	939.968	939.968	123	10	50	2	"resupplier"
"ship_xen_xl_carrier_01_a_macro"	"I"	"xl"	"xen"	5059920	0	40	5	340000	876.951	0	2	255.39	1021.561	787.851	787.851	787.851	0	0	0	0	"military"
"ship_arg_m_trans_container_02_b_macro"	"Ides Sentinel"	"m"	"arg"	208235	0	2	1	6000	46.403	8880	1	7.755	31.022	14.101	14.101	14.101	15	0	0	0	"trader"
"ship_arg_m_trans_container_02_a_macro"	"Ides Vanguard"	"m"	"arg"	173355	0	2	1	5000	38.67	7400	1	6.692	26.768	12.167	12.167	12.167	19	0	0	0	"trader"
"ship_arg_l_trans_container_03_b_macro"	"Incarcatura Sentinel"	"l"	"arg"	4999085	0	7	2	93000	718.559	54000	2	183.712	734.847	210.712	210.712	210.712	172	2	40	0	"trader"
"ship_arg_l_trans_container_03_a_macro"	"Incarcatura Vanguard"	"l"	"arg"	3096880	0	7	2	78000	598.799	45000	2	159.76	639.04	186.76	186.76	186.76	207	2	40	0	"trader"
"ship_spl_s_scout_01_a_macro"	"Jaguar"	"s"	"split"	146365	1	0	1	2000	5.147	380	1	1.49	5.959	3.015	3.015	3.015	1	0	0	1	"military"
"ship_ter_m_gunboat_01_a_macro"	"Jian"	"m"	"terran"	2057600	1	6	2	13000	34.134	950	2	9.103	36.411	11.034	11.034	11.034	8	0	0	2	"military"
"ship_xen_xl_destroyer_01_a_macro"	"K"	"xl"	"xen"	2432440	0	13	2	165000	421.625	0	2	164.325	657.3	705.892	705.892	705.892	0	0	0	0	"military"
"ship_ter_s_fighter_02_a_macro"	"Kalis"	"s"	"terran"	342750	2	0	4	3300	7.118	180	2	4.811	18.178	3.162	3.162	3.162	2	0	0	2	"military"
"ship_ter_m_corvette_01_a_macro"	"Katana"	"m"	"terran"	1763540	4	2	2	11000	29.28	560	2	4.051	16.203	10.311	10.311	10.311	6	0	0	2	"military"
"ship_tel_s_scout_01_b_macro"	"Kestrel Sentinel"	"s"	"tel"	110350	1	0	1	3100	7.931	912	2	3.579	9.993	3.885	3.885	3.885	2	0	0	0	"military"
"ship_tel_s_scout_01_a_macro"	"Kestrel Vanguard"	"s"	"tel"	91945	1	0	1	2500	6.609	760	2	3.397	8.672	3.472	3.472	3.472	3	0	0	0	"military"
"ship_ter_s_miner_solid_01_a_macro"	"Kopis (Mineral)"	"s"	"terran"	171090	1	0	1	1000	7.475	5480	1	3.821	15.678	3.273	3.273	3.273	2	0	0	2	"miner"
"ship_ter_s_fighter_01_a_macro"	"Kukri"	"s"	"terran"	385380	3	0	1	3700	7.843	140	1	2.273	9.093	3.05	3.05	3.05	2	0	0	2	"military"
"ship_yak_m_corvette_01_a_macro"	"Kuraokami"	"m"	"yak"	984025	5	2	2	10000	16.76	1100	1	2.76	11.039	9.032	9.032	9.032	9	0	0	2	"military"
"ship_pir_s_fighter_01_a_macro"	"Kyd"	"s"	"argon"	53080	2	0	1	3000	6.846	650	2	3.951	10.258	3.405	3.405	3.405	2	0	0	3	"military"
"ship_ter_xl_builder_01_a_macro"	"Kyushu"	"xl"	"arg"	21146490	0	8	2	115000	885.723	50	2	257.145	1028.579	877.145	877.145	877.145	219	2	50	2	"builder"
"ship_pir_s_fighter_02_a_macro"	"Lux"	"s"	"argon"	175140	2	0	1	2600	5.82	500	3	3.967	10.37	3.084	3.084	3.084	1	0	0	3	"military"
"ship_xen_s_fighter_02_a_macro"	"M"	"s"	"xen"	39840	2	0	1	2900	7.622	0	4	6.544	31.556	3.32	3.32	3.32	0	0	0	0	"military"
"ship_arg_l_miner_liquid_01_b_macro"	"Magnetar (Gas) Sentinel"	"l"	"arg"	1589310	0	6	2	32000	246.324	50400	2	62.485	357.059	155.677	155.677	155.677	38	3	40	0	"miner"
"ship_arg_l_miner_liquid_01_a_macro"	"Magnetar (Gas) Vanguard"	"l"	"arg"	1307600	0	6	2	26000	205.27	42000	2	56.738	324.216	140.897	140.897	140.897	46	3	40	0	"miner"
"ship_arg_l_miner_solid_01_b_macro"	"Magnetar (Mineral) Sentinel"	"l"	"arg"	1586095	0	7	2	32000	245.094	50400	2	62.313	356.076	155.234	155.234	155.234	38	3	40	0	"miner"
"ship_arg_l_miner_solid_01_a_macro"	"Magnetar (Mineral) Vanguard"	"l"	"arg"	1304385	0	7	2	26000	204.245	40000	2	56.594	323.396	140.528	140.528	140.528	46	3	40	0	"miner"
"ship_tel_s_miner_solid_01_a_macro"	"Magpie (Mineral)"	"s"	"tel"	90820	1	0	2	1300	10.259	3500	2	4.409	22.905	6.708	6.708	6.708	3	0	0	0	"miner"
"ship_tel_s_trans_container_01_b_macro"	"Magpie Sentinel"	"s"	"tel"	200045	1	0	2	2800	22.159	2630	2	6.046	27.934	7.862	7.862	7.862	5	0	0	0	"trader"
"ship_tel_s_trans_container_01_a_macro"	"Magpie Vanguard"	"s"	"tel"	168700	1	0	2	2400	18.466	2630	2	5.538	24.241	6.708	6.708	6.708	7	0	0	0	"trader"
"ship_spl_s_fighter_01_a_macro"	"Mamba"	"s"	"split"	194430	2	0	2	3500	5.206	130	2	3.295	8.619	2.893	2.893	2.893	1	0	0	1	"military"
"ship_arg_xl_builder_01_b_macro"	"Mammoth Sentinel"	"xl"	"arg"	10948470	0	8	2	138000	1062.868	50	2	292.574	1170.294	912.574	912.574	912.574	182	2	50	0	"builder"
"ship_arg_xl_builder_01_a_macro"	"Mammoth Vanguard"	"xl"	"arg"	9123765	0	8	2	115000	885.723	50	2	257.145	1028.579	877.145	877.145	877.145	219	2	50	0	"builder"
"ship_tel_m_miner_liquid_01_b_macro"	"Manorina (Gas) Sentinel"	"m"	"tel"	143940	0	2	2	4500	34.47	12960	1	4.708	26.904	18.011	18.011	18.011	7	0	0	0	"miner"
"ship_tel_m_miner_liquid_01_a_macro"	"Manorina (Gas) Vanguard"	"m"	"tel"	118865	0	2	2	3700	28.725	10800	1	4.1	23.429	15.426	15.426	15.426	9	0	0	0	"miner"
"ship_tel_m_miner_solid_01_b_macro"	"Manorina (Mineral) Sentinel"	"m"	"tel"	143940	1	2	2	4500	34.47	12000	1	4.708	26.904	18.011	18.011	18.011	8	0	0	0	"miner"
"ship_tel_m_miner_solid_01_a_macro"	"Manorina (Mineral) Vanguard"	"m"	"tel"	118865	1	2	2	3700	28.725	10000	1	4.1	23.429	15.426	15.426	15.426	10	0	0	0	"miner"
"ship_gen_m_tugboat_01_a_macro"	"Manticore"	"m"	"argon"	402755	0	3	1	8000	63.562	1360	5	30.344	121.377	18.39	18.39	18.39	7	0	0	0	"tug"
"ship_gen_m_transdrone_container_01_a_macro"	"Medium Drop Drone"	"m"	"gen"	46600	0	0	0	10000	42	0	1	7	29	13	13	13	0	0	0	0	""
"ship_gen_m_transdrone_container_02_a_macro"	"Medium Terraforming Drone"	"m"	"gen"	46600	0	0	0	10000	42	0	1	7	29	13	13	13	0	0	0	0	""
"ship_arg_m_trans_container_01_b_macro"	"Mercury Sentinel"	"m"	"arg"	208235	0	2	1	6000	51.559	9840	1	8.464	33.858	15.39	15.39	15.39	14	0	0	0	"trader"
"ship_arg_m_trans_container_01_a_macro"	"Mercury Vanguard"	"m"	"arg"	173355	0	2	1	5000	42.966	8200	1	7.283	29.131	13.242	13.242	13.242	17	0	0	0	"trader"
"ship_arg_m_bomber_02_a_macro"	"Minotaur Raider"	"m"	"arg"	741015	2	2	2	13000	26.629	2370	1	5.036	20.146	8.241	8.241	8.241	15	0	0	0	"military"
"ship_arg_m_bomber_01_b_macro"	"Minotaur Sentinel"	"m"	"arg"	888430	2	4	2	14000	35.505	1056	1	6.257	25.028	11.376	11.376	11.376	7	0	0	0	"military"
"ship_arg_m_bomber_01_a_macro"	"Minotaur Vanguard"	"m"	"arg"	750580	2	4	2	12000	29.587	880	1	5.443	21.773	9.897	9.897	9.897	9	0	0	0	"military"
"ship_arg_l_trans_container_02_b_macro"	"Mokosi Sentinel"	"l"	"arg"	3824825	0	7	2	64000	495.78	39600	2	139.156	556.624	166.156	166.156	166.156	94	1	40	0	"trader"
"ship_arg_l_trans_container_02_a_macro"	"Mokosi Vanguard"	"l"	"arg"	3182880	0	7	2	53000	413.15	33000	2	122.63	490.52	149.63	149.63	149.63	113	1	40	0	"trader"
"ship_spl_xl_resupplier_01_a_macro"	"Monitor"	"xl"	"split"	17231160	0	12	1	160000	1245.388	29000	2	213.9	855.602	949.078	949.078	949.078	128	10	50	1	"resupplier"
"ship_yak_s_fighter_01_a_macro"	"Moreya"	"s"	"yak"	269180	4	0	1	4000	6.484	510	2	2.09	8.359	3.292	3.292	3.292	3	0	0	2	"military"
"ship_xen_s_fighter_01_a_macro"	"N"	"s"	"xen"	34530	2	0	1	2500	6.508	0	2	4.578	17.262	2.971	2.971	2.971	0	0	0	0	"military"
"ship_par_m_corvette_01_b_macro"	"Nemesis Sentinel"	"m"	"par"	746320	5	2	2	12000	29.273	672	1	4.05	16.2	8.836	8.836	8.836	6	0	0	0	"military"
"ship_par_m_corvette_01_a_macro"	"Nemesis Vanguard"	"m"	"par"	622295	5	2	2	10000	24.394	560	1	3.547	14.188	7.739	7.739	7.739	8	0	0	0	"military"
"ship_ter_s_scout_02_a_macro"	"Nimcha"	"s"	"terran"	342750	1	0	2	3000	7.872	670	2	3.136	6.498	3.866	3.866	3.866	2	0	0	2	"military"
"ship_gen_s_fighter_01_b_macro"	"Nodan Sentinel"	"s"	"gen"	95390	2	0	1	4600	9.736	840	3	4.506	16.736	3.582	3.582	3.582	2	0	0	0	""
"ship_gen_s_fighter_01_a_macro"	"Nodan Vanguard"	"s"	"gen"	77630	2	0	1	3900	8.113	700	3	4.283	15.113	3.126	3.126	3.126	3	0	0	0	""
"ship_arg_xl_resupplier_01_b_macro"	"Nomad Sentinel"	"xl"	"arg"	10313175	0	8	2	139000	1069.956	34800	2	293.991	1175.965	913.991	913.991	913.991	183	4	50	0	"resupplier"
"ship_arg_xl_resupplier_01_a_macro"	"Nomad Vanguard"	"xl"	"arg"	8600515	0	8	2	116000	891.63	29000	2	258.326	1033.304	878.326	878.326	878.326	220	4	50	0	"resupplier"
"ship_arg_s_fighter_01_b_macro"	"Nova Sentinel"	"s"	"arg"	160100	2	0	1	3800	7.894	288	2	4.012	13.144	3.064	3.064	3.064	2	0	0	0	"military"
"ship_arg_s_fighter_01_a_macro"	"Nova Vanguard"	"s"	"arg"	131970	2	0	1	3100	6.579	240	2	3.831	11.829	2.694	2.694	2.694	3	0	0	0	"military"
"ship_par_l_destroyer_02_a_macro"	"Odysseus E"	"l"	"paranid"	5191150	2	16	2	128000	326.351	2600	3	69.084	394.763	132.27	132.27	132.27	60	3	6	0	"military"
"ship_par_l_destroyer_01_b_macro"	"Odysseus Sentinel"	"l"	"par"	6042095	2	16	2	119000	251.701	2040	3	84.694	338.776	117.34	117.34	117.34	39	3	50	0	""
"ship_par_l_destroyer_01_a_macro"	"Odysseus Vanguard"	"l"	"par"	5030940	2	16	2	99000	209.751	1700	3	76.828	307.313	108.95	108.95	108.95	47	3	50	0	""
"ship_ter_l_trans_container_01_a_macro"	"Okinawa"	"l"	"terran"	4472180	0	8	2	36000	277.66	42000	1	71.649	286.596	122.532	122.532	122.532	57	1	40	2	"trader"
"ship_ter_l_destroyer_01_a_macro"	"Osaka"	"l"	"terran"	11833870	2	13	3	95000	202.028	2800	2	80.406	321.623	107.406	107.406	107.406	75	1	40	2	"military"
"ship_tel_m_frigate_01_b_macro"	"Osprey Sentinel"	"m"	"tel"	1263720	2	4	3	39000	82.42	2916	2	20.968	58.71	16.173	16.173	16.173	12	1	1	0	"military"
"ship_tel_m_frigate_01_a_macro"	"Osprey Vanguard"	"m"	"tel"	1044205	2	4	3	33000	68.683	2430	2	17.851	49.983	13.77	13.77	13.77	15	1	1	0	"military"
"ship_xen_m_fighter_01_a_macro"	"P"	"m"	"xen"	78620	2	2	2	10000	25.959	0	1	4.944	19.777	8.99	8.99	8.99	0	0	0	0	"military"
"ship_par_s_scout_01_b_macro"	"Pegasus Sentinel"	"s"	"par"	97330	1	0	1	1600	6.918	528	3	3.446	8.793	3.568	3.568	3.568	1	0	0	0	"military"
"ship_par_s_scout_01_a_macro"	"Pegasus Vanguard"	"s"	"par"	80050	1	0	1	1300	5.765	440	3	3.255	7.64	3.208	3.208	3.208	2	0	0	0	"military"
"ship_tel_l_trans_container_01_b_macro"	"Pelican Sentinel"	"l"	"tel"	3199035	0	6	3	63000	482.471	40800	3	187.68	750.718	163.494	163.494	163.494	83	2	40	0	"trader"
"ship_tel_l_trans_container_01_a_macro"	"Pelican Vanguard"	"l"	"tel"	2652815	0	6	3	52000	402.059	34000	3	165.566	662.265	147.412	147.412	147.412	100	2	40	0	"trader"
"ship_tel_m_bomber_01_b_macro"	"Peregrine Sentinel"	"m"	"tel"	870425	2	4	3	14000	34.121	1020	2	10.01	40.04	11.03	11.03	11.03	7	0	0	0	"military"
"ship_tel_m_bomber_01_a_macro"	"Peregrine Vanguard"	"m"	"tel"	735710	2	4	3	12000	28.434	850	2	8.72	34.879	9.609	9.609	9.609	9	0	0	0	"military"
"ship_par_s_fighter_01_b_macro"	"Perseus Sentinel"	"s"	"par"	188150	2	0	1	4400	9.307	288	3	4.206	14.557	3.461	3.461	3.461	2	0	0	0	"military"
"ship_par_s_fighter_01_a_macro"	"Perseus Vanguard"	"s"	"par"	156805	2	0	1	3700	7.756	240	3	3.993	13.006	3.025	3.025	3.025	3	0	0	0	"military"
"ship_tel_l_destroyer_01_b_macro"	"Phoenix Sentinel"	"l"	"tel"	6307905	2	11	3	124000	263.299	4440	3	101.926	407.703	119.66	119.66	119.66	41	2	40	0	"military"
"ship_tel_l_destroyer_01_a_macro"	"Phoenix Vanguard"	"l"	"tel"	5273360	2	11	3	104000	219.416	3700	3	92.271	369.086	110.883	110.883	110.883	50	2	40	0	"military"
"ship_par_m_miner_liquid_01_b_macro"	"Plutus (Gas) Sentinel"	"m"	"par"	162505	0	2	1	5000	39.553	11520	1	3.577	20.441	20.299	20.299	20.299	8	0	0	0	"miner"
"ship_par_m_miner_liquid_01_a_macro"	"Plutus (Gas) Vanguard"	"m"	"par"	133010	0	2	1	4000	32.96	9600	1	3.101	17.721	17.332	17.332	17.332	10	0	0	0	"miner"
"ship_par_m_miner_solid_01_b_macro"	"Plutus (Mineral) Sentinel"	"m"	"par"	162505	1	2	1	5000	39.553	11520	1	3.577	20.441	20.299	20.299	20.299	8	0	0	0	"miner"
"ship_par_m_miner_solid_01_a_macro"	"Plutus (Mineral) Vanguard"	"m"	"par"	133010	1	2	1	4000	32.961	9000	1	3.101	17.721	17.332	17.332	17.332	10	0	0	0	"miner"
"ship_par_m_trans_container_03_a_macro"	"Prometheus"	"m"	"paranid"	292080	3	3	2	11000	23.192	4000	1	3.423	13.692	7.468	7.468	7.468	12	0	0	0	"plunderer"
"ship_kha_s_fighter_01_a_macro"	"Protector"	"s"	"khaak"	0	2	0	1	800	3	0	1	1	17	1	2	2	0	0	0	0	"military"
"ship_arg_s_fighter_03_a_macro"	"Pulsar Vanguard"	"s"	"argon"	113565	6	0	1	1900	7.94	150	3	5.763	25.881	3.419	3.419	3.419	3	0	0	0	"military"
"ship_spl_xl_battleship_01_a_macro"	"Python"	"xl"	"split"	0	2	26	1	230000	353.74	1000	4	146.979	587.917	693.673	693.673	693.673	65	2	50	1	""
"ship_arg_s_fighter_04_a_macro"	"Quasar Vanguard"	"s"	"argon"	100545	4	0	1	1700	6.976	190	2	4.675	17.964	3.586	3.586	3.586	3	0	0	0	"military"
"ship_kha_m_fighter_01_a_macro"	"Queens Guard"	"m"	"khaak"	0	2	0	1	4000	16	0	1	3.25	35	7	6	6	0	0	0	0	"military"
"ship_pir_s_trans_condensate_01_a_macro"	"Raleigh (Condensate)"	"s"	"argon"	217900	1	0	1	2200	19.407	250	2	5.679	22.82	7.002	7.002	7.002	4	0	0	3	"trader"
"ship_pir_s_trans_container_01_a_macro"	"Raleigh (Container)"	"s"	"argon"	203995	1	0	1	2200	16.876	2080	2	5.331	20.288	6.211	6.211	6.211	4	0	0	3	"trader"
"ship_ter_s_scout_01_a_macro"	"Rapier"	"s"	"terran"	213800	1	0	1	1400	5.844	440	1	1.182	4.729	3.232	3.232	3.232	2	0	0	2	"military"
"ship_spl_xl_carrier_01_a_macro"	"Raptor"	"xl"	"split"	32605075	0	101	1	590000	863.742	19000	1	120.582	482.329	867.348	867.348	867.348	309	22	130	1	"military"
"ship_spl_l_destroyer_01_a_macro"	"Rattlesnake"	"l"	"split"	12490790	4	18	1	211000	248.855	800	3	72.939	291.756	116.771	116.771	116.771	92	1	40	1	"military"
"ship_tel_s_trans_container_02_a_macro"	"Raven"	"s"	"tel"	566090	2	0	3	6700	30.818	1760	4	8.102	40.443	9.511	9.511	9.511	5	0	0	0	"raven"
"ship_xen_m_miner_01_a_macro"	"S"	"m"	"xen"	71350	1	1	2	6000	49.951	9500	1	8.243	32.973	14.988	14.988	14.988	0	0	0	0	"miner"
"ship_par_l_trans_container_02_b_macro"	"Selene Sentinel"	"l"	"par"	2410810	0	7	1	40000	310.905	22800	3	95.795	383.179	129.181	129.181	129.181	59	1	40	0	""
"ship_par_l_trans_container_02_a_macro"	"Selene Vanguard"	"l"	"par"	1995760	0	7	1	33000	259.087	19000	3	86.079	344.316	118.817	118.817	118.817	71	1	40	0	""
"ship_pir_s_heavyfighter_01_a_macro"	"Shih"	"s"	"argon"	274485	4	0	3	4900	10.353	590	2	4.434	13.765	4.501	4.501	4.501	2	0	0	3	"military"
"ship_arg_l_trans_container_04_b_macro"	"Shuyaku Sentinel"	"l"	"arg"	5429245	0	9	2	101000	780.498	44400	4	196.1	784.399	223.1	223.1	223.1	187	2	40	0	"trader"
"ship_arg_l_trans_container_04_a_macro"	"Shuyaku Vanguard"	"l"	"arg"	4520540	0	9	2	84000	650.415	37000	4	170.083	680.332	197.083	197.083	197.083	225	2	40	0	"trader"
"ship_gen_s_transdrone_container_01_a_macro"	"Small Drop Drone"	"s"	"gen"	23300	0	0	0	2200	1	0	1	5.5	24	6	4	6	0	0	0	0	""
"ship_gen_s_transdrone_container_02_a_macro"	"Small Terraforming Drone"	"s"	"gen"	23300	0	0	0	2200	1	0	1	5.5	24	6	4	6	0	0	0	0	""
"ship_arg_l_trans_container_05_b_macro"	"Sonra Sentinel"	"l"	"arg"	4294770	0	9	2	80000	616.414	34800	4	163.283	653.131	190.283	190.283	190.283	148	2	40	0	"trader"
"ship_arg_l_trans_container_05_a_macro"	"Sonra Vanguard"	"l"	"arg"	3587240	0	9	2	67000	513.678	29000	4	142.736	570.943	169.736	169.736	169.736	178	2	40	0	"trader"
"ship_tel_xl_resupplier_01_b_macro"	"Stork Sentinel"	"xl"	"tel"	9342630	0	9	2	126000	1076.221	30000	3	369.055	1476.221	915.244	915.244	915.244	166	9	50	0	"resupplier"
"ship_tel_xl_resupplier_01_a_macro"	"Stork Vanguard"	"xl"	"tel"	7784855	0	9	2	105000	896.85	25000	3	324.213	1296.85	879.37	879.37	879.37	200	9	50	0	"resupplier"
"ship_arg_m_miner_liquid_01_b_macro"	"Sunder (Gas) Sentinel"	"m"	"arg"	161380	0	2	1	5000	38.926	12480	1	4.709	26.909	18.858	18.858	18.858	7	0	0	0	"miner"
"ship_arg_m_miner_liquid_01_a_macro"	"Sunder (Gas) Vanguard"	"m"	"arg"	127545	0	2	1	4000	30.292	10400	1	3.878	22.161	16.132	16.132	16.132	9	0	0	0	"miner"
"ship_atf_l_destroyer_01_a_macro"	"Syn"	"l"	"terran"	14823980	3	12	3	119000	124.088	2600	1	48.613	194.453	91.818	91.818	91.818	187	1	40	2	"military"
"ship_xen_s_scout_01_a_macro"	"T"	"s"	"xen"	25880	1	0	1	1200	5.363	0	2	1.645	6.582	3.082	3.082	3.082	0	0	0	0	"military"
"ship_ter_s_fighter_03_a_macro"	"Takoba"	"s"	"terran"	343160	2	0	2	3400	7.335	110	3	3.664	9.835	2.907	2.907	2.907	2	0	0	2	"military"
"ship_tel_m_trans_container_02_b_macro"	"Tern Sentinel"	"m"	"tel"	308615	0	1	2	8000	68.18	11040	1	11.825	47.299	19.545	19.545	19.545	16	0	0	0	"trader"
"ship_tel_m_trans_container_02_a_macro"	"Tern Vanguard"	"m"	"tel"	266020	0	1	2	7000	56.817	9200	1	10.106	40.424	16.704	16.704	16.704	20	0	0	0	"trader"
"ship_par_s_miner_solid_01_a_macro"	"Tethys (Mineral)"	"s"	"par"	83265	2	0	1	1200	9.331	2100	3	4.21	20.83	6.186	6.186	6.186	3	0	0	0	"miner"
"ship_par_s_trans_container_01_b_macro"	"Tethys Sentinel"	"s"	"par"	183810	2	0	1	2600	20.155	1580	3	5.698	25.405	7.236	7.236	7.236	4	0	0	0	"trader"
"ship_par_s_trans_container_01_a_macro"	"Tethys Vanguard"	"s"	"par"	150295	2	0	1	2100	16.795	1580	3	5.236	22.045	6.186	6.186	6.186	5	0	0	0	"trader"
"ship_pir_l_scrapper_01_macro"	"Teuta"	"l"	"argon"	4322065	0	5	1	66000	505.41	7700	4	211.623	846.492	168.082	168.082	168.082	145	2	4	3	"compactor"
"ship_par_s_fighter_02_b_macro"	"Theseus Sentinel"	"s"	"par"	211940	3	0	1	5000	10.468	270	2	4.597	17.402	3.788	3.788	3.788	2	0	0	0	"military"
"ship_par_s_fighter_02_a_macro"	"Theseus Vanguard"	"s"	"par"	177380	3	0	1	4200	8.723	270	2	4.328	15.439	3.297	3.297	3.297	3	0	0	0	"military"
"ship_ter_xl_carrier_01_a_macro"	"Tokyo"	"xl"	"terran"	24318750	0	28	3	213000	542.639	22000	1	141.396	565.584	808.528	808.528	808.528	201	19	50	2	"military"
"ship_spl_s_trans_container_01_plot_01_macro"	"Tuatara"	"s"	"split"	0	2	0	1	2300	17.2	1350	3	5.1	21.8	6.3	6.3	6.3	4	0	0	1	""
"ship_spl_s_miner_solid_01_a_macro"	"Tuatara (Mineral)"	"s"	"split"	128200	2	0	1	1200	9.209	1720	3	4.002	19.656	3.815	3.815	3.815	2	0	0	1	"miner"
"ship_tfm_xl_carrier_01_a_macro"	"Unknown Ship"	"xl"	"tfm"	0	0	0	0	735000	1874.085	0	1	454.817	1819.268	1074.817	1074.817	1074.817	0	0	0	0	""
"ship_arg_l_trans_container_01_b_macro"	"Veles Sentinel"	"l"	"arg"	3694780	0	7	2	69000	529.12	43200	2	145.824	583.296	172.824	172.824	172.824	91	1	40	0	"trader"
"ship_arg_l_trans_container_01_a_macro"	"Veles Vanguard"	"l"	"arg"	3065695	0	7	2	57000	440.933	36000	2	128.187	512.747	155.187	155.187	155.187	110	1	40	0	"trader"
"ship_spl_m_bomber_01_a_macro"	"Viper"	"m"	"split"	0	2	6	1	25000	35.418	740	2	6.089	24.355	17.032	17.032	17.032	8	0	0	1	""
"ship_tel_m_trans_container_01_b_macro"	"Vulture Sentinel"	"m"	"tel"	308615	0	1	2	9000	75.756	12240	1	12.971	51.882	21.439	21.439	21.439	13	0	0	0	"trader"
"ship_tel_m_trans_container_01_a_macro"	"Vulture Vanguard"	"m"	"tel"	266020	0	1	2	8000	63.13	10200	1	11.061	44.244	18.283	18.283	18.283	16	0	0	0	"trader"
"ship_spl_l_miner_liquid_01_a_macro"	"Wyvern (Gas)"	"l"	"split"	1610285	0	8	1	21000	159.275	22000	3	40.867	233.528	98.855	98.855	98.855	29	2	40	1	"miner"
"ship_spl_l_miner_solid_01_a_macro"	"Wyvern (Mineral)"	"l"	"split"	1610285	0	10	1	21000	159.275	20000	3	40.867	233.528	98.855	98.855	98.855	29	2	40	1	"miner"
"ship_par_xl_carrier_02_a_macro"	"Zeus E"	"xl"	"paranid"	17540630	0	19	2	303000	771.902	22000	3	153.812	878.927	854.38	854.38	854.38	143	12	24	0	"military"
"ship_par_xl_carrier_01_b_macro"	"Zeus Sentinel"	"xl"	"par"	15747905	0	19	2	337000	857.54	24000	3	235.789	943.155	871.508	871.508	871.508	132	12	50	0	""
"ship_par_xl_carrier_01_a_macro"	"Zeus Vanguard"	"xl"	"par"	13127715	0	19	2	281000	714.616	20000	3	208.991	835.962	842.923	842.923	842.923	159	12	50	0	""
"ship_spl_s_trans_container_01_a_macro"	"Tuatara"	"s"	"split"	0	2	0	1	2300	17.2	1350	3	5.1	21.8	6.3	6.3	6.3	4	0	0	1	"trader"
"ship_bor_l_carrier_01_a_macro"	"Boron carrier"	"l"	"boron"	1	0	0	1	1	1.000	1	1	1.000	1.000	1.000	1.000	1.000	1	1	1	4	"military"
"ship_bor_l_destroyer_01_a_macro"	"Boron destroyer"	"l"	"boron"	1	0	0	1	1	1.000	1	1	1.000	1.000	1.000	1.000	1.000	1	1	1	4	"military"
"ship_bor_l_miner_liquid_01_a_macro"	"Boron miner_liquid"	"l"	"boron"	1	0	0	1	1	1.000	1	1	1.000	1.000	1.000	1.000	1.000	1	1	1	4	"miner"
"ship_bor_l_miner_solid_01_a_macro"	"Boron miner_solid"	"l"	"boron"	1	0	0	1	1	1.000	1	1	1.000	1.000	1.000	1.000	1.000	1	1	1	4	"miner"
"ship_bor_l_trans_container_01_a_macro"	"Boron trans_container"	"l"	"boron"	1	0	0	1	1	1.000	1	1	1.000	1.000	1.000	1.000	1.000	1	1	1	4	"trader"
"ship_bor_m_corvette_01_a_macro"	"Boron corvette"	"m"	"boron"	1	0	0	1	1	1.000	1	1	1.000	1.000	1.000	1.000	1.000	1	1	1	4	"military"
"ship_bor_m_corvette_02_a_macro"	"Boron corvette"	"m"	"boron"	1	0	0	1	1	1.000	1	1	1.000	1.000	1.000	1.000	1.000	1	1	1	4	"military"
"ship_bor_m_gunboat_01_a_macro"	"Boron gunboat"	"m"	"boron"	1	0	0	1	1	1.000	1	1	1.000	1.000	1.000	1.000	1.000	1	1	1	4	"military"
"ship_bor_m_miner_liquid_01_a_macro"	"Boron miner_liquid"	"m"	"boron"	1	0	0	1	1	1.000	1	1	1.000	1.000	1.000	1.000	1.000	1	1	1	4	"miner"
"ship_bor_m_miner_solid_01_a_macro"	"Boron miner_solid"	"m"	"boron"	1	0	0	1	1	1.000	1	1	1.000	1.000	1.000	1.000	1.000	1	1	1	4	"miner"
"ship_bor_m_trans_container_01_a_macro"	"Boron trans_container"	"m"	"boron"	1	0	0	1	1	1.000	1	1	1.000	1.000	1.000	1.000	1.000	1	1	1	4	"trader"
"ship_bor_s_fighter_01_a_macro"	"Boron fighter"	"s"	"boron"	1	0	0	1	1	1.000	1	1	1.000	1.000	1.000	1.000	1.000	1	1	1	4	"military"
"ship_bor_s_heavyfighter_01_a_macro"	"Boron heavyfighter"	"s"	"boron"	1	0	0	1	1	1.000	1	1	1.000	1.000	1.000	1.000	1.000	1	1	1	4	"military"
"ship_bor_s_miner_solid_01_a_macro"	"Boron miner_solid"	"s"	"boron"	1	0	0	1	1	1.000	1	1	1.000	1.000	1.000	1.000	1.000	1	1	1	4	"miner"
"ship_bor_s_scout_01_a_macro"	"Boron scout 1"	"s"	"boron"	1	0	0	1	1	1.000	1	1	1.000	1.000	1.000	1.000	1.000	1	1	1	4	"military"
"ship_bor_s_scout_02_a_macro"	"Boron scout 2"	"s"	"boron"	1	0	0	1	1	1.000	1	1	1.000	1.000	1.000	1.000	1.000	1	1	1	4	"military"
"ship_bor_s_trans_container_01_a_macro"	"Boron trans_container"	"s"	"boron"	1	0	0	1	1	1.000	1	1	1.000	1.000	1.000	1.000	1.000	1	1	1	4	"trader"
"ship_bor_xl_builder_01_a_macro"	"Boron builder"	"xl"	"boron"	1	0	0	1	1	1.000	1	1	1.000	1.000	1.000	1.000	1.000	1	1	1	4	"builder"
"ship_bor_xl_carrier_01_a_macro"	"Boron carrier"	"xl"	"boron"	1	0	0	1	1	1.000	1	1	1.000	1.000	1.000	1.000	1.000	1	1	1	4	"military"
"ship_bor_xl_resupplier_01_a_macro"	"Boron resupplier"	"xl"	"boron"	1	0	0	1	1	1.000	1	1	1.000	1.000	1.000	1.000	1.000	1	1	1	4	"resupplier"
